Offshore,138.1561
Onshore,83.2155
PV,45.9676
river,248.414369592852
lake,148.960218065464
biogas,211.841859196122
PHS,22.615
Battery,0
hydrogene, 89.491
methane, 31.806
